PPM,Amp
3.27741,0.224244
3.28812,0.226885
3.29814,0.284977
3.30895,0.282985
3.45674,0.287385
3.46338,0.288916
3.47757,0.229411
3.4842,0.22761
4.02686,0.260161
4.03362,0.277848
4.03755,0.277843
4.04431,0.260161
7.1798,0.229239
7.18971,0.48293
7.19968,0.287196
7.26262,0.277917
7.27284,0.451477
7.28285,0.242117
7.30358,1
7.52308,0.524556
7.53359,0.484034
7.7156,0.505239
7.72579,0.504508
