PPM,Amp
3.26204,0.193055
3.28207,0.205127
3.30101,0.2984
3.32105,0.313967
3.44623,0.302995
3.45871,0.318421
3.48511,0.2032
3.49769,0.204239
4.01943,0.270353
4.03205,0.280807
4.03942,0.274221
4.05204,0.246153
7.17038,0.19805
7.18879,0.471221
7.20741,0.323624
7.25434,0.29715
7.27354,0.452719
7.29212,0.256804
7.30357,1
7.51884,0.533473
7.53842,0.45969
7.71136,0.517261
7.73025,0.482803
