PPM,Amp
-0.896404,1.125e-06
2.86534,0.0141981
3.06083,0.0179851
3.25068,0.207791
3.33243,0.243362
3.45167,0.606541
3.71755,0.0253221
3.89496,0.223906
4.0222,0.159638
4.08908,0.133107
4.21652,0.090351
6.9839,0.032457
7.136,0.175268
7.16427,0.14963
7.22868,0.213989
7.30367,1
7.37398,0.244913
7.45592,0.343521
7.50789,0.191449
7.64066,0.262054
7.67032,0.197243
7.73122,0.117726
7.83345,0.118311
7.93128,0.0194451
