PPM,Amp
-0.959685,1.125e-06
3.02503,0.0313592
3.15496,0.0366885
3.28347,0.268152
3.36351,0.313509
3.4135,0.450303
3.44887,0.424248
3.62138,0.038527
3.70789,0.032814
3.93655,0.242272
4.02329,0.198057
4.0658,0.180602
4.15262,0.131354
7.04981,0.0458172
7.16332,0.284362
7.2222,0.272476
7.3017,1
7.39502,0.166178
7.40668,0.15936
7.47658,0.310161
7.54558,0.152518
7.59361,0.140921
7.61407,0.14536
7.66528,0.28204
7.72715,0.149367
7.79097,0.175094
7.86036,0.0245671
