PPM,Amp
3.27622,0.222189
3.28762,0.224731
3.29843,0.286896
3.30994,0.285039
3.45585,0.28931
3.46298,0.290912
3.47816,0.227272
3.48529,0.225382
4.02627,0.260235
4.03342,0.277009
4.03775,0.277003
4.0449,0.260235
7.17905,0.22228
7.18963,0.480498
7.20032,0.295467
7.26192,0.279728
7.27287,0.452178
7.28359,0.241371
7.30358,1
7.52273,0.524859
7.53399,0.482389
7.71525,0.51465
7.72616,0.494498
