PPM,Amp
3.28276,0.233556
3.2901,0.236348
3.29695,0.276212
3.30428,0.273871
3.46081,0.278258
3.46536,0.279574
3.47499,0.238791
3.47954,0.237288
4.02964,0.260578
4.03421,0.278621
4.03686,0.27862
4.04143,0.260578
7.18312,0.236874
7.18987,0.479553
7.19665,0.277791
7.26569,0.270798
7.2727,0.441595
7.27957,0.245527
7.30358,1
7.52467,0.518844
7.5319,0.491089
7.71719,0.505719
7.72413,0.505717
