PPM,Amp
3.14502,0.0774496
3.2237,0.0875386
3.30054,0.344997
3.37991,0.52105
3.39354,0.461166
3.44627,0.438278
3.55027,0.084471
3.6018,0.0824993
3.97373,0.286508
4.02544,0.2612
4.05214,0.249539
4.10387,0.198194
7.10499,0.0862142
7.17507,0.318538
7.20667,0.256089
7.22584,0.492909
7.24765,0.338433
7.28386,0.551857
7.30337,1
7.35015,0.185164
7.39334,0.033555
7.44521,0.060896
7.4954,0.402114
7.554,0.143541
7.57316,0.231773
7.63377,0.050699
7.68665,0.374909
7.76003,0.287281
7.81166,0.0256315
