PPM,Amp
3.28018,0.229067
3.28921,0.231831
3.29754,0.280483
3.30647,0.278289
3.45882,0.282654
3.46437,0.284058
3.47618,0.234318
3.48173,0.232689
4.02835,0.260475
4.03392,0.277482
4.03726,0.277479
4.04282,0.260475
7.18158,0.233795
7.18979,0.482146
7.19814,0.28243
7.2642,0.274127
7.27277,0.446622
7.28111,0.243061
7.30358,1
7.52392,0.520194
7.5327,0.487806
7.71644,0.504117
7.72492,0.505534
