PPM,Amp
3.25043,0.167821
3.27721,0.180461
3.3024,0.296847
3.32918,0.319129
3.43919,0.30224
3.45593,0.322785
3.49106,0.173517
3.5079,0.178802
4.01418,0.261646
4.03097,0.264084
4.0408,0.260636
4.05759,0.231156
7.1634,0.172941
7.18782,0.439864
7.21245,0.327939
7.2487,0.298638
7.27416,0.443406
7.30351,1.00011
7.51598,0.511007
7.54182,0.421787
7.70848,0.493835
7.73342,0.451124
