PPM,Amp
3.22613,0.139651
3.26601,0.152855
3.30399,0.319709
3.34396,0.359106
3.42621,0.327915
3.45156,0.361066
3.50416,0.145576
3.52942,0.150064
4.00377,0.270704
4.02911,0.266572
4.04354,0.261078
4.06899,0.225539
7.14898,0.146933
7.18516,0.408031
7.22129,0.362904
7.23851,0.328364
7.27584,0.453956
7.30364,1.00008
7.45695,0.0104843
7.51085,0.502424
7.54867,0.376629
7.64919,0.00849938
7.7031,0.48116
7.7396,0.418771
