PPM,Amp
3.28445,0.23662
3.2907,0.239488
3.29645,0.273256
3.3027,0.270775
3.46219,0.275193
3.46606,0.276463
3.47419,0.242232
3.47796,0.240828
4.03053,0.26058
4.03441,0.278395
4.03667,0.278395
4.04054,0.26058
7.18421,0.239287
7.18995,0.480176
7.19566,0.2746
7.26678,0.268698
7.27263,0.443109
7.27848,0.246952
7.30358,1
7.52526,0.517038
7.53131,0.493535
7.71773,0.502751
7.72363,0.505768
