PPM,Amp
3.27314,0.216952
3.28653,0.219372
3.29913,0.291608
3.31252,0.290004
3.45367,0.294142
3.46199,0.295931
3.47965,0.222027
3.48797,0.219898
4.02478,0.260013
4.03313,0.276984
4.03814,0.276975
4.04649,0.260014
7.17712,0.21721
7.18948,0.482795
7.20196,0.301723
7.26019,0.283516
7.273,0.45197
7.28547,0.240952
7.30358,1
7.52184,0.527921
7.53495,0.477735
7.71436,0.516209
7.72705,0.49276
