PPM,Amp
3.28157,0.231504
3.28971,0.234272
3.29724,0.278136
3.30528,0.27588
3.45991,0.280108
3.46496,0.281484
3.47548,0.236691
3.48054,0.235105
4.02905,0.260649
4.03401,0.277218
4.03706,0.277216
4.04203,0.260649
7.18238,0.235905
7.18985,0.48886
7.19735,0.279835
7.2651,0.27245
7.27269,0.451372
7.28027,0.24464
7.30358,1
7.52437,0.520193
7.53225,0.487988
7.71689,0.50564
7.72452,0.505638
