PPM,Amp
3.26868,0.204827
3.28485,0.211726
3.29992,0.291659
3.31599,0.302453
3.45059,0.300091
3.4606,0.302597
3.48174,0.214528
3.49184,0.211593
4.0226,0.264843
4.03264,0.276151
4.03863,0.270171
4.04867,0.254033
7.17445,0.20909
7.18923,0.476393
7.20419,0.310352
7.25781,0.289463
7.27321,0.451753
7.28806,0.24278
7.30358,1
7.52065,0.531642
7.53632,0.471607
7.71317,0.517946
7.72834,0.489953
