PPM,Amp
3.10119,0.0553607
3.19904,0.063212
3.2954,0.323958
3.39058,0.610691
3.4465,0.439371
3.57603,0.0624243
3.64086,0.0582106
3.95936,0.275393
4.02441,0.240878
4.05681,0.226816
4.1219,0.173378
7.08411,0.0661963
7.17122,0.286457
7.18888,0.244453
7.22298,0.418326
7.25993,0.378144
7.30289,1
7.36763,0.169817
7.43372,0.082507
7.48797,0.363781
7.5233,0.148373
7.5516,0.124845
7.58751,0.184972
7.61911,0.072409
7.67853,0.333458
7.71038,0.151547
7.73883,0.132788
7.77119,0.238756
7.82827,0.0283
