PPM,Amp
3.28098,0.230432
3.28941,0.233162
3.29734,0.279194
3.30587,0.276966
3.45942,0.281425
3.46467,0.28281
3.47578,0.235437
3.48113,0.233817
4.02865,0.260214
4.03401,0.277521
4.03716,0.277703
4.04243,0.260527
7.18198,0.234877
7.18982,0.484687
7.19769,0.280238
7.2647,0.27324
7.27277,0.440972
7.28066,0.244253
7.30358,1
7.52417,0.52086
7.5325,0.488767
7.71669,0.505596
7.72472,0.505594
