PPM,Amp
3.2785,0.226087
3.28852,0.228748
3.29794,0.283333
3.30795,0.281287
3.45753,0.285599
3.46377,0.287095
3.47697,0.231073
3.48331,0.229303
4.02746,0.260405
4.03372,0.277624
4.03745,0.27762
4.04371,0.260405
7.18044,0.230376
7.18976,0.480857
7.19908,0.285179
7.26321,0.276467
7.27284,0.445215
7.2822,0.242158
7.30358,1
7.52338,0.523427
7.53329,0.485394
7.71592,0.504536
7.72547,0.504243
