PPM,Amp
2.04687,0.0160359
2.06703,0.0328281
2.09624,0.328516
2.10056,0.35658
2.1156,0.998343
2.13244,0.991872
2.13673,1.00005
2.15286,0.635963
2.18483,0.0296797
2.20134,0.013746
2.38121,0.0798614
2.39968,0.122603
2.40207,0.122174
2.41686,0.641158
2.42527,0.607283
2.43635,0.935869
2.44458,0.835348
2.4541,0.617921
2.46506,0.402282
2.48014,0.131243
2.50204,0.0537583
3.74549,0.446302
3.75996,0.834476
3.77458,0.444547
